{"cameraMode":{"drawMode":0,"name":"Shaded","section":"Shading Mode"},"sceneLighting":false,"audioPlay":false,"sceneViewState":{"showFog":false,"showMaterialUpdate":false,"showSkybox":false,"showFlares":false,"showImageEffects":false,"showParticleSystems":false},"in2DMode":false,"pivot":{"x":0.4569830894470215,"y":1.562211513519287,"z":3.92533802986145},"rotation":{"x":-0.09541229158639908,"y":-0.27059870958328249,"z":0.02695891074836254,"w":-0.9575890302658081},"size":7.593197345733643,"orthographic":false}