{"cameraMode":{"drawMode":0,"name":"Shaded","section":"Shading Mode"},"sceneLighting":false,"audioPlay":false,"sceneViewState":{"showFog":false,"showMaterialUpdate":false,"showSkybox":false,"showFlares":false,"showImageEffects":false,"showParticleSystems":false},"in2DMode":false,"pivot":{"x":-0.10790000110864639,"y":0.3456000089645386,"z":0.31029999256134035},"rotation":{"x":-0.11405102908611298,"y":0.014002756215631962,"z":-0.0016152848256751896,"w":-0.9933884739875794},"size":1.0616663694381714,"orthographic":false}