{"cameraMode":{"drawMode":0,"name":"Shaded","section":"Shading Mode"},"sceneLighting":true,"audioPlay":false,"sceneViewState":{"showFog":false,"showMaterialUpdate":false,"showSkybox":false,"showFlares":false,"showImageEffects":false,"showParticleSystems":false},"in2DMode":false,"pivot":{"x":0.32060715556144717,"y":-0.1246252954006195,"z":1.2994589805603028},"rotation":{"x":0.17424847185611726,"y":0.06258470565080643,"z":-0.011095312424004078,"w":0.982653021812439},"size":1.3041658401489258,"orthographic":false}