{"cameraMode":{"drawMode":0,"name":"Shaded","section":"Shading Mode"},"sceneLighting":false,"audioPlay":false,"sceneViewState":{"showFog":false,"showMaterialUpdate":false,"showSkybox":false,"showFlares":false,"showImageEffects":false,"showParticleSystems":false},"in2DMode":false,"pivot":{"x":0.05115244537591934,"y":0.3321989178657532,"z":0.09184795618057251},"rotation":{"x":-0.06775633990764618,"y":-0.008384939283132553,"z":0.0005634628469124436,"w":-0.9976807236671448},"size":1.3396084308624268,"orthographic":false}