{"cameraMode":{"drawMode":0,"name":"Shaded","section":"Shading Mode"},"sceneLighting":false,"audioPlay":false,"sceneViewState":{"showFog":false,"showMaterialUpdate":false,"showSkybox":false,"showFlares":false,"showImageEffects":false,"showParticleSystems":false},"in2DMode":false,"pivot":{"x":0.1289999932050705,"y":3.4619998931884767,"z":-8.862000465393067},"rotation":{"x":0.12412084639072418,"y":0.030360689386725427,"z":-0.003798510879278183,"w":0.9917969107627869},"size":0.5504962801933289,"orthographic":false}