{"cameraMode":{"drawMode":0,"name":"Shaded","section":"Shading Mode"},"sceneLighting":false,"audioPlay":false,"sceneViewState":{"showFog":false,"showMaterialUpdate":false,"showSkybox":false,"showFlares":false,"showImageEffects":false,"showParticleSystems":false},"in2DMode":false,"pivot":{"x":0.36835426092147829,"y":0.2060450315475464,"z":1.1443840265274048},"rotation":{"x":0.019335249438881875,"y":0.12921522557735444,"z":-0.0025199868250638248,"w":0.9914258122444153},"size":1.4010512828826905,"orthographic":false}